id,user_id,event,ip_address,created_at,updated_at,is_fraud,fraud_likelihood,hour_of_day,day_of_week,final_decision
177,1,Logged in at: 2025-03-29 11:59 PM,127.0.0.1,2025-03-29 23:59:04,2025-03-29 23:59:04,0,0.0,23,5,No action
176,2,Logged out at: 2025-03-29 11:56 PM,127.0.0.1,2025-03-29 23:56:40,2025-03-29 23:56:40,0,4.10496722894996,23,5,No action
175,2,Logged in at: 2025-03-29 11:25 PM,127.0.0.1,2025-03-29 23:25:21,2025-03-29 23:25:21,0,0.0,23,5,No action
174,3,Logged out at: 2025-03-29 11:23 PM,127.0.0.1,2025-03-29 23:23:34,2025-03-29 23:23:34,0,3.7151592270585017,23,5,No action
173,3,Logged in at: 2025-03-29 11:23 PM,127.0.0.1,2025-03-29 23:23:28,2025-03-29 23:23:28,0,0.3339612413939772,23,5,No action
172,5,Unauthorized access attempt at: 2025-03-29 11:23 PM,127.0.0.1,2025-03-29 23:23:08,2025-03-29 23:23:08,1,100.0,23,5,Immediate action required
171,5,Logged in at: 2025-03-29 11:23 PM,127.0.0.1,2025-03-29 23:23:07,2025-03-29 23:23:07,0,0.0,23,5,No action
170,1,Logged out at: 2025-03-29 11:22 PM,127.0.0.1,2025-03-29 23:22:56,2025-03-29 23:22:56,0,4.411541599062314,23,5,No action
169,1,Logged in at: 2025-03-29 11:20 PM,127.0.0.1,2025-03-29 23:20:47,2025-03-29 23:20:47,0,0.0,23,5,No action
168,3,Logged out at: 2025-03-29 11:20 PM,127.0.0.1,2025-03-29 23:20:28,2025-03-29 23:20:28,0,0.542473485949805,23,5,No action
167,3,Logged in at: 2025-03-29 11:14 PM,127.0.0.1,2025-03-29 23:14:34,2025-03-29 23:14:34,0,0.0,23,5,No action
166,4,Logged out at: 2025-03-29 11:14 PM,127.0.0.1,2025-03-29 23:14:15,2025-03-29 23:14:15,0,0.25998886021540635,23,5,No action
165,4,Unauthorized access attempt at: 2025-03-29 11:10 PM,127.0.0.1,2025-03-29 23:10:12,2025-03-29 23:10:12,1,96.23035485531155,23,5,Immediate action required
164,4,Logged in at: 2025-03-29 11:02 PM,127.0.0.1,2025-03-29 23:02:44,2025-03-29 23:02:44,0,3.8334762239604565,23,5,No action
163,5,Order Submitted with Order Number: BP0L2ISLOGPLCOMHCLLB at 2025-03-29 10:55 PM,127.0.0.1,2025-03-29 22:55:48,2025-03-29 22:55:48,1,100.0,22,5,Immediate action required
162,1,Logged out at: 2025-03-29 10:21 PM,127.0.0.1,2025-03-29 22:21:05,2025-03-29 22:21:05,0,1.4772812073760697,22,5,No action
161,1,Logged in at: 2025-03-29 09:38 PM,127.0.0.1,2025-03-29 21:38:54,2025-03-29 21:38:54,0,4.900115044367874,21,5,No action
160,9,Tried to view Unowned File at 2025-03-29 04:22 PM,127.0.0.1,2025-03-29 16:22:48,2025-03-29 16:22:48,1,100.0,16,5,Immediate action required
159,9,Logged in at: 2025-03-29 04:22 PM,127.0.0.1,2025-03-29 16:22:36,2025-03-29 16:22:36,0,2.113648915509975,16,5,No action
158,1,Unauthorized access attempt at: 2025-03-29 03:54 PM,127.0.0.1,2025-03-29 15:54:48,2025-03-29 15:54:48,1,100.0,15,5,Immediate action required
157,1,Unauthorized access attempt at: 2025-03-29 03:44 PM,127.0.0.1,2025-03-29 15:44:31,2025-03-29 15:44:31,1,100.0,15,5,Immediate action required
156,1,Unauthorized access attempt at: 2025-03-29 03:44 PM,127.0.0.1,2025-03-29 15:44:29,2025-03-29 15:44:29,1,100.0,15,5,Immediate action required
155,1,Unauthorized access attempt at: 2025-03-29 03:44 PM,127.0.0.1,2025-03-29 15:44:28,2025-03-29 15:44:28,1,99.53428665535357,15,5,Immediate action required
154,1,Unauthorized access attempt at: 2025-03-29 03:44 PM,127.0.0.1,2025-03-29 15:44:25,2025-03-29 15:44:25,1,95.57197982572006,15,5,Immediate action required
153,1,Unauthorized access attempt at: 2025-03-29 03:37 PM,127.0.0.1,2025-03-29 15:37:58,2025-03-29 15:37:58,1,99.40831112292247,15,5,Immediate action required
152,1,Unauthorized access attempt at: 2025-03-29 03:37 PM,127.0.0.1,2025-03-29 15:37:56,2025-03-29 15:37:56,1,100.0,15,5,Immediate action required
151,1,Unauthorized access attempt at: 2025-03-29 03:29 PM,127.0.0.1,2025-03-29 15:29:53,2025-03-29 15:29:53,1,95.70664328496483,15,5,Immediate action required
150,1,Unauthorized access attempt at: 2025-03-29 03:18 PM,127.0.0.1,2025-03-29 15:18:05,2025-03-29 15:18:05,1,100.0,15,5,Immediate action required
149,9,Tried to view Unowned File at 2025-03-29 03:01 PM,127.0.0.1,2025-03-29 15:01:38,2025-03-29 15:01:38,1,100.0,15,5,Immediate action required
148,9,Tried to view Unowned File at 2025-03-29 03:01 PM,127.0.0.1,2025-03-29 15:01:36,2025-03-29 15:01:36,1,95.97737997001252,15,5,Immediate action required
147,9,Tried to view Unowned File at 2025-03-29 03:00 PM,127.0.0.1,2025-03-29 15:00:55,2025-03-29 15:00:55,1,100.0,15,5,Immediate action required
146,9,Tried to view Unowned File at 2025-03-29 02:57 PM,127.0.0.1,2025-03-29 14:57:03,2025-03-29 14:57:03,1,96.8395604564422,14,5,Immediate action required
145,9,Logged in at: 2025-03-29 02:56 PM,127.0.0.1,2025-03-29 14:56:38,2025-03-29 14:56:38,0,0.0,14,5,No action
144,9,Tried to view Unowned File at 2025-03-29 08:23 AM,127.0.0.1,2025-03-29 08:23:38,2025-03-29 08:23:38,1,100.0,8,5,Immediate action required
143,9,Logged in at: 2025-03-29 08:23 AM,127.0.0.1,2025-03-29 08:23:22,2025-03-29 08:23:22,0,0.004616727773423257,8,5,No action
142,1,Logged in at: 2025-03-29 07:39 AM,127.0.0.1,2025-03-29 07:39:21,2025-03-29 07:39:21,0,1.975856295282349,7,5,No action
141,1,Backup restored successfully at 2025-03-29 00:27:34,127.0.0.1,2025-03-29 00:27:34,2025-03-29 00:27:34,0,0.0,0,5,No action
140,1,Logged in at: 2025-03-28 09:59 PM,127.0.0.1,2025-03-28 21:59:22,2025-03-28 21:59:22,0,4.635808011647089,21,4,No action
139,4,Logged out at: 2025-03-28 09:14 PM,127.0.0.1,2025-03-28 21:14:43,2025-03-28 21:14:43,0,0.0,21,4,No action
138,4,Tried to view Unowned File at 2025-03-28 09:07 PM,127.0.0.1,2025-03-28 21:07:17,2025-03-28 21:07:17,1,95.35056546075143,21,4,Immediate action required
137,4,Tried to view Unowned File at 2025-03-28 09:07 PM,127.0.0.1,2025-03-28 21:07:12,2025-03-28 21:07:12,1,99.44932873691053,21,4,Immediate action required
136,4,Tried to view Unowned File at 2025-03-28 09:06 PM,127.0.0.1,2025-03-28 21:06:01,2025-03-28 21:06:01,1,96.1985943288807,21,4,Immediate action required
135,4,Logged in at: 2025-03-28 09:04 PM,127.0.0.1,2025-03-28 21:04:50,2025-03-28 21:04:50,0,0.0,21,4,No action
134,5,Tried to view Unowned File at 2025-03-28 09:00 PM,127.0.0.1,2025-03-28 21:00:17,2025-03-28 21:00:17,1,100.0,21,4,Immediate action required
133,5,Tried to view Unassigned Task at  2025-03-28 08:51 PM,127.0.0.1,2025-03-28 20:51:37,2025-03-28 20:51:37,1,100.0,20,4,Immediate action required
132,5,Tried to view Unowned Document at 2025-03-28 08:44 PM,127.0.0.1,2025-03-28 20:44:59,2025-03-28 20:44:59,1,95.1638363710052,20,4,Immediate action required
131,5,Tried to view Unowned Document at 2025-03-28 08:44 PM,127.0.0.1,2025-03-28 20:44:41,2025-03-28 20:44:41,1,96.4134860634165,20,4,Immediate action required
130,5,Payment Updated with Payment Number:  in time of: 2025-03-28 08:42 PM,127.0.0.1,2025-03-28 20:42:42,2025-03-28 20:42:42,1,95.34366489256719,20,4,Immediate action required
129,5,Updated Document:  in time of: 2025-03-28 08:42 PM,127.0.0.1,2025-03-28 20:42:30,2025-03-28 20:42:30,1,100.0,20,4,Immediate action required
128,5,Updated Order Request: MDKSEKLMBZUIH6S37FKJ at 2025-03-28 08:42 PM,127.0.0.1,2025-03-28 20:42:12,2025-03-28 20:42:12,1,96.7097274719586,20,4,Immediate action required
127,5,Tried to view Unowned Order at 2025-03-28 08:40 PM,127.0.0.1,2025-03-28 20:40:25,2025-03-28 20:40:25,1,95.45716641886884,20,4,Immediate action required
126,5,Payment Submitted with Payment Number: 9R9HN0ZG7AIZU4KIXGQS at 2025-03-28 08:39 PM,127.0.0.1,2025-03-28 20:39:28,2025-03-28 20:39:28,1,99.41124008600991,20,4,Immediate action required
125,5,Document Submitted with Document Number: JV9HTPJPONMOJIECRB38 at 2025-03-28 08:39 PM,127.0.0.1,2025-03-28 20:39:16,2025-03-28 20:39:16,1,97.95815254912702,20,4,Immediate action required
124,5,Order Submitted with Order Number: MDKSEKLMBZUIH6S37FKJ at 2025-03-28 08:39 PM,127.0.0.1,2025-03-28 20:39:06,2025-03-28 20:39:06,1,100.0,20,4,Immediate action required
123,5,Tried to view Unowned Order at 2025-03-28 08:36 PM,127.0.0.1,2025-03-28 20:36:36,2025-03-28 20:36:36,1,100.0,20,4,Immediate action required
122,5,Tried to view Unowned File at 2025-03-28 08:28 PM,127.0.0.1,2025-03-28 20:28:42,2025-03-28 20:28:42,1,95.44522864695921,20,4,Immediate action required
121,10,Logged out at: 2025-03-28 08:21 PM,127.0.0.1,2025-03-28 20:21:18,2025-03-28 20:21:18,0,0.0,20,4,No action
120,10,Registered and logged in at: 2025-03-28 08:21 PM,127.0.0.1,2025-03-28 20:21:13,2025-03-28 20:21:13,0,0.0,20,4,No action
119,9,Logged out at: 2025-03-28 08:20 PM,127.0.0.1,2025-03-28 20:20:50,2025-03-28 20:20:50,0,2.3120605922820134,20,4,No action
118,9,Registered and logged in at: 2025-03-28 08:20 PM,127.0.0.1,2025-03-28 20:20:45,2025-03-28 20:20:45,0,0.0,20,4,No action
117,8,Logged out at: 2025-03-28 08:20 PM,127.0.0.1,2025-03-28 20:20:25,2025-03-28 20:20:25,0,2.7099666645599916,20,4,No action
116,8,Registered and logged in at: 2025-03-28 08:20 PM,127.0.0.1,2025-03-28 20:20:18,2025-03-28 20:20:18,0,0.11076894850212238,20,4,No action
115,7,Logged out at: 2025-03-28 08:19 PM,127.0.0.1,2025-03-28 20:19:57,2025-03-28 20:19:57,0,4.0573278933125785,20,4,No action
114,7,Tried to view Order: RVAQRCU0Q6ZNUMHAPLZX at 2025-03-28 08:12 PM,127.0.0.1,2025-03-28 20:12:42,2025-03-28 20:12:42,0,1.6887026243158623,20,4,No action
113,7,Registered and logged in at: 2025-03-28 08:12 PM,127.0.0.1,2025-03-28 20:12:31,2025-03-28 20:12:31,0,0.0,20,4,No action
112,3,Logged out at: 2025-03-28 08:11 PM,127.0.0.1,2025-03-28 20:11:59,2025-03-28 20:11:59,0,0.0,20,4,No action
111,3,Tried to view Payment: UCXWPMD9WTCF3EMHHOSV at 2025-03-28 07:52 PM,127.0.0.1,2025-03-28 19:52:40,2025-03-28 19:52:40,0,3.670212567118597,19,4,No action
110,3,Tried to view Order: RVAQRCU0Q6ZNUMHAPLZX at 2025-03-28 07:38 PM,127.0.0.1,2025-03-28 19:38:41,2025-03-28 19:38:41,0,0.0,19,4,No action
109,3,Tried to view Order: RVAQRCU0Q6ZNUMHAPLZX at 2025-03-28 07:38 PM,127.0.0.1,2025-03-28 19:38:37,2025-03-28 19:38:37,0,0.9876532477490869,19,4,No action
108,3,Logged in at: 2025-03-28 06:52 PM,127.0.0.1,2025-03-28 18:52:08,2025-03-28 18:52:08,0,3.736762943474446,18,4,No action
107,5,Two-factor authentication has been disabled time of: 2025-03-28 06:50 PM,127.0.0.1,2025-03-28 18:50:39,2025-03-28 18:50:39,1,97.8047469968383,18,4,Immediate action required
106,5,Two-factor authentication Code has been verified time of: 2025-03-28 18:50:31,127.0.0.1,2025-03-28 18:50:31,2025-03-28 18:50:31,1,100.0,18,4,Immediate action required
105,5,Two-factor authentication Code has been verified time of: 2025-03-28 18:50:00,127.0.0.1,2025-03-28 18:50:00,2025-03-28 18:50:00,1,100.0,18,4,Immediate action required
104,5,Two-factor authentication Code has been verified time of: 2025-03-28 18:17:28,127.0.0.1,2025-03-28 18:17:28,2025-03-28 18:17:28,1,96.33552890067625,18,4,Immediate action required
103,5,Two-factor authentication Code has been verified time of: 2025-03-28 18:16:14,127.0.0.1,2025-03-28 18:16:14,2025-03-28 18:16:14,1,100.0,18,4,Immediate action required
102,5,Two-factor authentication Code has been verified time of: 2025-03-28 18:15:42,127.0.0.1,2025-03-28 18:15:42,2025-03-28 18:15:42,1,96.98863824008313,18,4,Immediate action required
101,5,Password changed time of: 2025-03-28 18:14:44,127.0.0.1,2025-03-28 18:14:44,2025-03-28 18:14:44,0,0.0,18,4,No action
100,3,Unauthorized access attempt at: 2025-03-28 03:27 PM,127.0.0.1,2025-03-28 15:27:02,2025-03-28 15:27:02,1,95.75817574937294,15,4,Immediate action required
99,3,Tried to view Order Request: RVAQRCU0Q6ZNUMHAPLZX in time of: 2025-03-28 02:43 PM,127.0.0.1,2025-03-28 14:43:46,2025-03-28 14:43:46,0,0.0,14,4,No action
98,3,Tried to view Order Request: RVAQRCU0Q6ZNUMHAPLZX in time of: 2025-03-28 02:42 PM,127.0.0.1,2025-03-28 14:42:48,2025-03-28 14:42:48,0,4.791686329236358,14,4,No action
97,3,Tried to view Order Request: RVAQRCU0Q6ZNUMHAPLZX in time of: 2025-03-28 02:42 PM,127.0.0.1,2025-03-28 14:42:42,2025-03-28 14:42:42,0,0.0,14,4,No action
96,3,Tried to view Order Request: RVAQRCU0Q6ZNUMHAPLZX in time of: 2025-03-28 02:41 PM,127.0.0.1,2025-03-28 14:41:17,2025-03-28 14:41:17,0,0.7029626835555334,14,4,No action
95,3,Tried to view Order Request: RVAQRCU0Q6ZNUMHAPLZX in time of: 2025-03-28 02:40 PM,127.0.0.1,2025-03-28 14:40:41,2025-03-28 14:40:41,0,0.0,14,4,No action
94,3,Tried to view Order Request: RVAQRCU0Q6ZNUMHAPLZX in time of: 2025-03-28 02:40 PM,127.0.0.1,2025-03-28 14:40:36,2025-03-28 14:40:36,0,4.567457572510424,14,4,No action
93,3,Tried to view Order Request: RVAQRCU0Q6ZNUMHAPLZX in time of: 2025-03-28 02:40 PM,127.0.0.1,2025-03-28 14:40:05,2025-03-28 14:40:05,0,4.291964079654779,14,4,No action
92,3,Tried to view Order Request: RVAQRCU0Q6ZNUMHAPLZX in time of: 2025-03-28 02:39 PM,127.0.0.1,2025-03-28 14:39:49,2025-03-28 14:39:49,0,3.241513594860585,14,4,No action
91,3,Tried to view Order Request: RVAQRCU0Q6ZNUMHAPLZX in time of: 2025-03-28 02:39 PM,127.0.0.1,2025-03-28 14:39:20,2025-03-28 14:39:20,0,0.0,14,4,No action
90,3,Logged in at: 2025-03-28 01:27 PM,127.0.0.1,2025-03-28 13:27:09,2025-03-28 13:27:09,0,0.0,13,4,No action
89,2,Logged out at: 2025-03-28 12:15 AM,127.0.0.1,2025-03-28 00:15:14,2025-03-28 00:15:14,0,0.0,0,4,No action
88,1,Logged out at: 2025-03-28 12:14 AM,127.0.0.1,2025-03-28 00:14:16,2025-03-28 00:14:16,0,0.7034041265211988,0,4,No action
87,1,Unauthorized access attempt at: 2025-03-28 12:13 AM,127.0.0.1,2025-03-28 00:13:43,2025-03-28 00:13:43,1,100.0,0,4,Immediate action required
86,2,Logged in at: 2025-03-27 11:48 PM,127.0.0.1,2025-03-27 23:48:55,2025-03-27 23:48:55,0,4.119298319763033,23,3,No action
85,1,Logged in at: 2025-03-27 11:29 PM,127.0.0.1,2025-03-27 23:29:02,2025-03-27 23:29:02,0,0.8122673610058477,23,3,No action
84,2,Logged out at: 2025-03-27 11:02 PM,127.0.0.1,2025-03-27 23:02:00,2025-03-27 23:02:00,0,0.7759427522534255,23,3,No action
83,2,Logged in at: 2025-03-27 09:58 PM,127.0.0.1,2025-03-27 21:58:07,2025-03-27 21:58:07,0,4.3526264105297745,21,3,No action
82,5,Unauthorized access attempt at: 2025-03-26 09:36 PM,127.0.0.1,2025-03-26 21:36:39,2025-03-26 21:36:39,1,100.0,21,2,Immediate action required
81,2,Approved Order: RVAQRCU0Q6ZNUMHAPLZX at 2025-03-26 03:02 PM,127.0.0.1,2025-03-26 15:02:42,2025-03-26 15:02:42,1,96.91243324235933,15,2,Immediate action required
80,2,Logged in at: 2025-03-26 01:55 PM,127.0.0.1,2025-03-26 13:55:38,2025-03-26 13:55:38,0,0.0,13,2,No action
79,4,Logged in at: 2025-03-26 10:35 AM,127.0.0.1,2025-03-26 10:35:18,2025-03-26 10:35:18,0,0.0,10,2,No action
78,2,Logged out at: 2025-03-26 10:35 AM,127.0.0.1,2025-03-26 10:35:10,2025-03-26 10:35:10,0,0.0,10,2,No action
77,2,Logged in at: 2025-03-26 10:33 AM,127.0.0.1,2025-03-26 10:33:41,2025-03-26 10:33:41,0,0.3421419798243228,10,2,No action
76,5,Updated Order Request: RVAQRCU0Q6ZNUMHAPLZX at 2025-03-26 10:30 AM,127.0.0.1,2025-03-26 10:30:01,2025-03-26 10:30:01,1,98.43526414952848,10,2,Immediate action required
75,3,Logged out at: 2025-03-26 08:14 AM,127.0.0.1,2025-03-26 08:14:22,2025-03-26 08:14:22,0,0.0,8,2,No action
74,3,Reviewed Order Request: RVAQRCU0Q6ZNUMHAPLZX in time of: 2025-03-26 08:13 AM,127.0.0.1,2025-03-26 08:13:17,2025-03-26 08:13:17,0,0.78313919578635,8,2,No action
73,3,Logged in at: 2025-03-26 08:09 AM,127.0.0.1,2025-03-26 08:09:02,2025-03-26 08:09:02,0,1.0630496914078469,8,2,No action
72,2,Logged out at: 2025-03-26 08:08 AM,127.0.0.1,2025-03-26 08:08:55,2025-03-26 08:08:55,0,3.898826649259698,8,2,No action
71,2,Approved Payment: BWJGTJ9LIIKKYHF0QBT3 at 2025-03-26 08:08 AM,127.0.0.1,2025-03-26 08:08:45,2025-03-26 08:08:45,1,99.29415794931991,8,2,Immediate action required
70,2,Approved Document:  at 2025-03-26 08:08 AM,127.0.0.1,2025-03-26 08:08:28,2025-03-26 08:08:28,1,96.21181532340509,8,2,Immediate action required
69,2,Approved Order: RVAQRCU0Q6ZNUMHAPLZX at 2025-03-26 08:08 AM,127.0.0.1,2025-03-26 08:08:04,2025-03-26 08:08:04,1,100.0,8,2,Immediate action required
68,2,Logged in at: 2025-03-26 08:07 AM,127.0.0.1,2025-03-26 08:07:52,2025-03-26 08:07:52,0,4.893508298165223,8,2,No action
67,3,Logged out at: 2025-03-26 08:07 AM,127.0.0.1,2025-03-26 08:07:46,2025-03-26 08:07:46,0,2.5256186951438906,8,2,No action
66,3,Logged in at: 2025-03-26 08:07 AM,127.0.0.1,2025-03-26 08:07:29,2025-03-26 08:07:29,0,1.1172724176511544,8,2,No action
65,2,Logged out at: 2025-03-26 08:07 AM,127.0.0.1,2025-03-26 08:07:18,2025-03-26 08:07:18,0,0.0,8,2,No action
64,2,Logged in at: 2025-03-26 08:07 AM,127.0.0.1,2025-03-26 08:07:10,2025-03-26 08:07:10,0,2.7175053755353797,8,2,No action
63,5,Payment Submitted with Payment Number: BWJGTJ9LIIKKYHF0QBT3 at 2025-03-26 08:06 AM,127.0.0.1,2025-03-26 08:06:48,2025-03-26 08:06:48,1,100.0,8,2,Immediate action required
62,5,Document Submitted with Document Number: OISRVWLIHKXMWLATRBQJ at 2025-03-26 08:06 AM,127.0.0.1,2025-03-26 08:06:31,2025-03-26 08:06:31,1,98.98292410961778,8,2,Immediate action required
61,5,Order Submitted with Order Number: RVAQRCU0Q6ZNUMHAPLZX at 2025-03-26 08:06 AM,127.0.0.1,2025-03-26 08:06:19,2025-03-26 08:06:19,1,100.0,8,2,Immediate action required
60,2,Logged out at: 2025-03-26 08:05 AM,127.0.0.1,2025-03-26 08:05:39,2025-03-26 08:05:39,0,1.3557570565807353,8,2,No action
59,2,Logged in at: 2025-03-26 08:04 AM,127.0.0.1,2025-03-26 08:04:21,2025-03-26 08:04:21,0,0.8504035286800828,8,2,No action
58,2,Logged out at: 2025-03-26 08:03 AM,127.0.0.1,2025-03-26 08:03:09,2025-03-26 08:03:09,0,0.0,8,2,No action
57,2,Logged in at: 2025-03-26 06:20 AM,127.0.0.1,2025-03-26 06:20:04,2025-03-26 06:20:04,0,1.1249267855489986,6,2,No action
56,3,Logged out at: 2025-03-26 06:19 AM,127.0.0.1,2025-03-26 06:19:53,2025-03-26 06:19:53,0,0.0,6,2,No action
55,3,Logged in at: 2025-03-26 04:28 AM,127.0.0.1,2025-03-26 04:28:46,2025-03-26 04:28:46,0,3.1244078633246968,4,2,No action
54,3,Marked maintenance as available at 2025-03-25 05:52 PM,127.0.0.1,2025-03-25 17:52:14,2025-03-25 17:52:14,0,0.0,17,1,No action
53,3,Logged in at: 2025-03-25 04:56 PM,127.0.0.1,2025-03-25 16:56:25,2025-03-25 16:56:25,0,0.0,16,1,No action
52,2,Logged out at: 2025-03-25 04:56 PM,127.0.0.1,2025-03-25 16:56:03,2025-03-25 16:56:03,0,0.0,16,1,No action
51,2,Logged in at: 2025-03-25 04:17 PM,127.0.0.1,2025-03-25 16:17:09,2025-03-25 16:17:09,0,3.6497562395558187,16,1,No action
50,4,Logged out at: 2025-03-25 04:15 PM,127.0.0.1,2025-03-25 16:15:12,2025-03-25 16:15:12,0,4.955101596098313,16,1,No action
49,4,Logged in at: 2025-03-25 04:12 PM,127.0.0.1,2025-03-25 16:12:32,2025-03-25 16:12:32,0,1.620491275053726,16,1,No action
48,2,Logged out at: 2025-03-25 04:12 PM,127.0.0.1,2025-03-25 16:12:22,2025-03-25 16:12:22,0,2.9229343651657906,16,1,No action
47,2,Logged in at: 2025-03-25 11:08 AM,127.0.0.1,2025-03-25 11:08:23,2025-03-25 11:08:23,0,1.422030554791335,11,1,No action
46,5,Unauthorized access attempt at: 2025-03-25 10:50 AM,127.0.0.1,2025-03-25 10:50:24,2025-03-25 10:50:24,1,100.0,10,1,Immediate action required
45,5,Unauthorized access attempt at: 2025-03-25 10:49 AM,127.0.0.1,2025-03-25 10:49:02,2025-03-25 10:49:02,1,97.79222711789336,10,1,Immediate action required
44,5,Unauthorized access attempt at: 2025-03-25 10:47 AM,127.0.0.1,2025-03-25 10:47:41,2025-03-25 10:47:41,1,97.12489700054923,10,1,Immediate action required
43,5,Unauthorized access attempt at: 2025-03-25 10:39 AM,127.0.0.1,2025-03-25 10:39:56,2025-03-25 10:39:56,1,100.0,10,1,Immediate action required
42,4,Trip marked as delivered at: 2025-03-23 08:14 PM,127.0.0.1,2025-03-23 20:14:08,2025-03-23 20:14:08,0,0.0,20,6,No action
41,4,Trip marked as delivered at: 2025-03-23 07:36 PM,127.0.0.1,2025-03-23 19:36:12,2025-03-23 19:36:12,0,1.6265699360192176,19,6,No action
40,4,Trip marked as delivered at: 2025-03-23 07:32 PM,127.0.0.1,2025-03-23 19:32:05,2025-03-23 19:32:05,0,0.0,19,6,No action
39,4,Trip marked as delivered at: 2025-03-23 07:19 PM,127.0.0.1,2025-03-23 19:19:23,2025-03-23 19:19:23,0,0.0,19,6,No action
38,4,Trip marked as delivered at: 2025-03-23 07:15 PM,127.0.0.1,2025-03-23 19:15:29,2025-03-23 19:15:29,0,0.0,19,6,No action
37,4,Trip marked as delivered at: 2025-03-23 07:04 PM,127.0.0.1,2025-03-23 19:04:38,2025-03-23 19:04:38,0,0.0,19,6,No action
36,4,Trip marked as delivered at: 2025-03-23 06:54 PM,127.0.0.1,2025-03-23 18:54:24,2025-03-23 18:54:24,0,0.0,18,6,No action
35,4,Trip marked as delivered at: 2025-03-23 06:52 PM,127.0.0.1,2025-03-23 18:52:22,2025-03-23 18:52:22,0,0.0,18,6,No action
34,4,Trip marked as delivered at: 2025-03-23 06:51 PM,127.0.0.1,2025-03-23 18:51:15,2025-03-23 18:51:15,0,3.6301508537131983,18,6,No action
33,3,Logged in at: 2025-03-23 06:41 PM,127.0.0.1,2025-03-23 18:41:39,2025-03-23 18:41:39,0,1.1676278132553595,18,6,No action
32,2,Logged out at: 2025-03-23 06:41 PM,127.0.0.1,2025-03-23 18:41:32,2025-03-23 18:41:32,0,0.0,18,6,No action
31,2,Logged in at: 2025-03-23 06:41 PM,127.0.0.1,2025-03-23 18:41:21,2025-03-23 18:41:21,0,0.0,18,6,No action
30,2,Logged out at: 2025-03-23 06:41 PM,127.0.0.1,2025-03-23 18:41:13,2025-03-23 18:41:13,0,2.7234057594938896,18,6,No action
29,4,Trip marked as delivered at: 2025-03-23 06:39 PM,127.0.0.1,2025-03-23 18:39:50,2025-03-23 18:39:50,0,0.0,18,6,No action
28,4,Trip marked as in transit at: 2025-03-23 06:39 PM,127.0.0.1,2025-03-23 18:39:44,2025-03-23 18:39:44,0,0.0,18,6,No action
27,4,Trip marked as delivered at: 2025-03-23 06:37 PM,127.0.0.1,2025-03-23 18:37:09,2025-03-23 18:37:09,0,1.2415782605978354,18,6,No action
26,4,Logged in at: 2025-03-23 06:34 PM,127.0.0.1,2025-03-23 18:34:54,2025-03-23 18:34:54,0,0.4496268030417916,18,6,No action
25,4,Logged out at: 2025-03-23 06:34 PM,127.0.0.1,2025-03-23 18:34:09,2025-03-23 18:34:09,0,3.5366580638970078,18,6,No action
24,4,Trip marked as delivered at: 2025-03-23 06:34 PM,127.0.0.1,2025-03-23 18:34:04,2025-03-23 18:34:04,0,0.0,18,6,No action
23,4,Trip marked as in transit at: 2025-03-23 06:33 PM,127.0.0.1,2025-03-23 18:33:59,2025-03-23 18:33:59,0,0.0,18,6,No action
22,4,Logged in at: 2025-03-23 06:33 PM,127.0.0.1,2025-03-23 18:33:49,2025-03-23 18:33:49,0,0.0,18,6,No action
21,2,Approved Vehicle Reservation: KQVRJ1ADVBKFTHY86PR1 at 2025-03-23 18:33,127.0.0.1,2025-03-23 18:33:36,2025-03-23 18:33:36,1,95.81897087244401,18,6,Immediate action required
20,2,Scheduled Vehicle Reservation: KQVRJ1ADVBKFTHY86PR1 at 2025-03-23 18:33,127.0.0.1,2025-03-23 18:33:34,2025-03-23 18:33:34,0,0.3636000869163869,18,6,No action
19,2,Logged in at: 2025-03-23 06:33 PM,127.0.0.1,2025-03-23 18:33:09,2025-03-23 18:33:09,0,0.0,18,6,No action
18,3,Logged out at: 2025-03-23 06:33 PM,127.0.0.1,2025-03-23 18:33:00,2025-03-23 18:33:00,0,0.0,18,6,No action
17,3,Approved Vehicle Reservation: KQVRJ1ADVBKFTHY86PR1 at 2025-03-23 18:32,127.0.0.1,2025-03-23 18:32:56,2025-03-23 18:32:56,1,100.0,18,6,Immediate action required
16,5,Payment Submitted with Payment Number: UCXWPMD9WTCF3EMHHOSV at 2025-03-23 18:31,127.0.0.1,2025-03-23 18:31:58,2025-03-23 18:31:58,1,97.30390100843142,18,6,Immediate action required
15,5,Submitted Vehicle Reservation: KQVRJ1ADVBKFTHY86PR1 at 2025-03-23 18:31,127.0.0.1,2025-03-23 18:31:51,2025-03-23 18:31:51,1,100.0,18,6,Immediate action required
14,3,Logged in at: 2025-03-23 06:28 PM,127.0.0.1,2025-03-23 18:28:09,2025-03-23 18:28:09,0,0.0,18,6,No action
13,2,Logged out at: 2025-03-23 06:27 PM,127.0.0.1,2025-03-23 18:27:50,2025-03-23 18:27:50,0,0.622262163671472,18,6,No action
12,2,Updated Vehicle: ABC1234 at time: 2025-03-23 18:27,127.0.0.1,2025-03-23 18:27:14,2025-03-23 18:27:14,1,96.9550109146412,18,6,Immediate action required
11,2,Added Vehicle: ABC1234 at time: 2025-03-23 18:19,127.0.0.1,2025-03-23 18:19:18,2025-03-23 18:19:18,0,0.28760010541201897,18,6,No action
10,2,Logged in at: 2025-03-23 06:15 PM,127.0.0.1,2025-03-23 18:15:26,2025-03-23 18:15:26,0,3.512922746807691,18,6,No action
9,4,Logged out at: 2025-03-23 06:15 PM,127.0.0.1,2025-03-23 18:15:20,2025-03-23 18:15:20,0,2.566066572347804,18,6,No action
8,4,Updated profile record successfully,127.0.0.1,2025-03-23 18:15:17,2025-03-23 18:15:17,1,100.0,18,6,Immediate action required
7,4,Registered and logged in at: 2025-03-23 18:15,127.0.0.1,2025-03-23 18:15:09,2025-03-23 18:15:09,0,0.0,18,6,No action
6,3,Logged out at: 2025-03-23 06:14 PM,127.0.0.1,2025-03-23 18:14:50,2025-03-23 18:14:50,0,0.0,18,6,No action
5,3,Registered and logged in at: 2025-03-23 18:14,127.0.0.1,2025-03-23 18:14:45,2025-03-23 18:14:45,0,0.0,18,6,No action
4,2,Logged out at: 2025-03-23 06:14 PM,127.0.0.1,2025-03-23 18:14:28,2025-03-23 18:14:28,0,1.6281627145695685,18,6,No action
3,2,Registered and logged in at: 2025-03-23 18:14,127.0.0.1,2025-03-23 18:14:23,2025-03-23 18:14:23,0,4.764772258529256,18,6,No action
2,1,Logged out at: 2025-03-23 06:14 PM,127.0.0.1,2025-03-23 18:14:10,2025-03-23 18:14:10,0,2.036314445542234,18,6,No action
1,1,Registered and logged in at: 2025-03-23 18:14,127.0.0.1,2025-03-23 18:14:05,2025-03-23 18:14:05,0,4.693429583917672,18,6,No action
